<?xml version="1.0" encoding="UTF-8"?>
<project-private xmlns="http://www.netbeans.org/ns/project-private/1">
    <editor-bookmarks xmlns="http://www.netbeans.org/ns/editor-bookmarks/2" lastBookmarkId="0"/>
    <open-files xmlns="http://www.netbeans.org/ns/projectui-open-files/2">
        <group>
            <file>file:/C:/Users/Gaurav.Kothari/Documents/NetBeansProjects/WrapperExamples/src/WrapperDemo3.java</file>
            <file>file:/C:/Users/Gaurav.Kothari/Documents/NetBeansProjects/WrapperExamples/src/WrapperDemo6.java</file>
            <file>file:/C:/Users/Gaurav.Kothari/Documents/NetBeansProjects/WrapperExamples/src/WrapperDemo8.java</file>
            <file>file:/C:/Users/Gaurav.Kothari/Documents/NetBeansProjects/WrapperExamples/src/WrapperDemo1.java</file>
            <file>file:/C:/Users/Gaurav.Kothari/Documents/NetBeansProjects/WrapperExamples/src/WrapperDemo5.java</file>
            <file>file:/C:/Users/Gaurav.Kothari/Documents/NetBeansProjects/WrapperExamples/src/WrapperDemo9.java</file>
            <file>file:/C:/Users/Gaurav.Kothari/Documents/NetBeansProjects/WrapperExamples/src/GenericExample3.java</file>
            <file>file:/C:/Users/Gaurav.Kothari/Documents/NetBeansProjects/WrapperExamples/src/WrapperDemo2.java</file>
            <file>file:/C:/Users/Gaurav.Kothari/Documents/NetBeansProjects/WrapperExamples/src/WrapperDemo4.java</file>
            <file>file:/C:/Users/Gaurav.Kothari/Documents/NetBeansProjects/WrapperExamples/src/GenericExample2.java</file>
            <file>file:/C:/Users/Gaurav.Kothari/Documents/NetBeansProjects/WrapperExamples/src/GenericExample1.java</file>
            <file>file:/C:/Users/Gaurav.Kothari/Documents/NetBeansProjects/WrapperExamples/src/WrapperDemo7.java</file>
        </group>
    </open-files>
</project-private>
