<?xml version="1.0" encoding="UTF-8"?>
<project-private xmlns="http://www.netbeans.org/ns/project-private/1">
    <editor-bookmarks xmlns="http://www.netbeans.org/ns/editor-bookmarks/2" lastBookmarkId="0"/>
    <open-files xmlns="http://www.netbeans.org/ns/projectui-open-files/2">
        <group>
            <file>file:/C:/Users/Gaurav.Kothari/Documents/NetBeansProjects/JdbcExample/src/JdbcExample6.java</file>
            <file>file:/C:/Users/Gaurav.Kothari/Documents/NetBeansProjects/JdbcExample/src/JdbcExample8.java</file>
            <file>file:/C:/Users/Gaurav.Kothari/Documents/NetBeansProjects/JdbcExample/src/JdbcExample10.java</file>
            <file>file:/C:/Users/Gaurav.Kothari/Documents/NetBeansProjects/JdbcExample/src/JdbcExample7.java</file>
            <file>file:/C:/Users/Gaurav.Kothari/Documents/NetBeansProjects/JdbcExample/src/JdbcExample4.java</file>
            <file>file:/C:/Users/Gaurav.Kothari/Documents/NetBeansProjects/JdbcExample/src/JdbcExample11.java</file>
            <file>file:/C:/Users/Gaurav.Kothari/Documents/NetBeansProjects/JdbcExample/src/JdbcExample5.java</file>
            <file>file:/C:/Users/Gaurav.Kothari/Documents/NetBeansProjects/JdbcExample/src/JdbcExample9.java</file>
        </group>
    </open-files>
</project-private>
