<?xml version="1.0" encoding="UTF-8"?>
<project-private xmlns="http://www.netbeans.org/ns/project-private/1">
    <editor-bookmarks xmlns="http://www.netbeans.org/ns/editor-bookmarks/2" lastBookmarkId="0"/>
    <open-files xmlns="http://www.netbeans.org/ns/projectui-open-files/2">
        <group>
            <file>file:/C:/Users/Gaurav.Kothari/Documents/NetBeansProjects/AjaxExample/src/java/dao/StateDao.java</file>
            <file>file:/C:/Users/Gaurav.Kothari/Documents/NetBeansProjects/AjaxExample/web/getcity.jsp</file>
            <file>file:/C:/Users/Gaurav.Kothari/Documents/NetBeansProjects/AjaxExample/src/java/dao/CityDao.java</file>
            <file>file:/C:/Users/Gaurav.Kothari/Documents/NetBeansProjects/AjaxExample/web/City_State_Example.jsp</file>
            <file>file:/C:/Users/Gaurav.Kothari/Documents/NetBeansProjects/AjaxExample/src/java/myconn/MyConnection1.java</file>
            <file>file:/C:/Users/Gaurav.Kothari/Documents/NetBeansProjects/AjaxExample/src/java/dto/StateDto.java</file>
            <file>file:/C:/Users/Gaurav.Kothari/Documents/NetBeansProjects/AjaxExample/src/java/dto/CityDto.java</file>
        </group>
    </open-files>
</project-private>
