<?xml version="1.0" encoding="UTF-8"?>
<project-private xmlns="http://www.netbeans.org/ns/project-private/1">
    <editor-bookmarks xmlns="http://www.netbeans.org/ns/editor-bookmarks/2" lastBookmarkId="0"/>
    <open-files xmlns="http://www.netbeans.org/ns/projectui-open-files/2">
        <group>
            <file>file:/C:/Users/Gaurav.Kothari/Documents/NetBeansProjects/SwingDemo/src/SwingDemo1.java</file>
            <file>file:/C:/Users/Gaurav.Kothari/Documents/NetBeansProjects/SwingDemo/src/Registration.java</file>
            <file>file:/C:/Users/Gaurav.Kothari/Documents/NetBeansProjects/SwingDemo/src/Login.java</file>
            <file>file:/C:/Users/Gaurav.Kothari/Documents/NetBeansProjects/SwingDemo/src/NewJFrame.java</file>
            <file>file:/C:/Users/Gaurav.Kothari/Documents/NetBeansProjects/SwingDemo/src/Profile.java</file>
            <file>file:/C:/Users/Gaurav.Kothari/Documents/NetBeansProjects/SwingDemo/src/SwingDemo2.java</file>
            <file>file:/C:/Users/Gaurav.Kothari/Documents/NetBeansProjects/SwingDemo/src/SwingDemo5.java</file>
            <file>file:/C:/Users/Gaurav.Kothari/Documents/NetBeansProjects/SwingDemo/src/MyConnection1.java</file>
            <file>file:/C:/Users/Gaurav.Kothari/Documents/NetBeansProjects/SwingDemo/src/SwingDemo3.java</file>
            <file>file:/C:/Users/Gaurav.Kothari/Documents/NetBeansProjects/SwingDemo/src/SwingDemo4.java</file>
            <file>file:/C:/Users/Gaurav.Kothari/Documents/NetBeansProjects/SwingDemo/src/Home.java</file>
        </group>
    </open-files>
</project-private>
