<?xml version="1.0" encoding="UTF-8"?>
<project-private xmlns="http://www.netbeans.org/ns/project-private/1">
    <editor-bookmarks xmlns="http://www.netbeans.org/ns/editor-bookmarks/2" lastBookmarkId="0"/>
    <open-files xmlns="http://www.netbeans.org/ns/projectui-open-files/2">
        <group>
            <file>file:/C:/Users/Gaurav.Kothari/Documents/NetBeansProjects/StringExamples/src/StringDemo4.java</file>
            <file>file:/C:/Users/Gaurav.Kothari/Documents/NetBeansProjects/StringExamples/src/StringDemo7.java</file>
            <file>file:/C:/Users/Gaurav.Kothari/Documents/NetBeansProjects/StringExamples/src/StringDemo8.java</file>
            <file>file:/C:/Users/Gaurav.Kothari/Documents/NetBeansProjects/StringExamples/src/StringDemo2.java</file>
            <file>file:/C:/Users/Gaurav.Kothari/Documents/NetBeansProjects/StringExamples/src/StringDemo10.java</file>
            <file>file:/C:/Users/Gaurav.Kothari/Documents/NetBeansProjects/StringExamples/src/StringDemo5.java</file>
            <file>file:/C:/Users/Gaurav.Kothari/Documents/NetBeansProjects/StringExamples/src/StringDemo6.java</file>
            <file>file:/C:/Users/Gaurav.Kothari/Documents/NetBeansProjects/StringExamples/src/StringDemo9.java</file>
            <file>file:/C:/Users/Gaurav.Kothari/Documents/NetBeansProjects/StringExamples/src/StringDemo12.java</file>
            <file>file:/C:/Users/Gaurav.Kothari/Documents/NetBeansProjects/StringExamples/src/StringDemo3.java</file>
            <file>file:/C:/Users/Gaurav.Kothari/Documents/NetBeansProjects/StringExamples/src/StringDemo13.java</file>
            <file>file:/C:/Users/Gaurav.Kothari/Documents/NetBeansProjects/StringExamples/src/StringDemo11.java</file>
            <file>file:/C:/Users/Gaurav.Kothari/Documents/NetBeansProjects/StringExamples/src/StringDemo1.java</file>
        </group>
    </open-files>
</project-private>
