<?xml version="1.0" encoding="UTF-8"?>
<project-private xmlns="http://www.netbeans.org/ns/project-private/1">
    <editor-bookmarks xmlns="http://www.netbeans.org/ns/editor-bookmarks/2" lastBookmarkId="0"/>
    <open-files xmlns="http://www.netbeans.org/ns/projectui-open-files/2">
        <group>
            <file>file:/C:/Users/Gaurav.Kothari/Documents/NetBeansProjects/Multithreading/src/ThreadDemo2.java</file>
            <file>file:/C:/Users/Gaurav.Kothari/Documents/NetBeansProjects/Multithreading/src/ThreadDemo11.java</file>
            <file>file:/C:/Users/Gaurav.Kothari/Documents/NetBeansProjects/Multithreading/src/ThreadDemo14.java</file>
            <file>file:/C:/Users/Gaurav.Kothari/Documents/NetBeansProjects/Multithreading/src/ThreadDemo12.java</file>
            <file>file:/C:/Users/Gaurav.Kothari/Documents/NetBeansProjects/Multithreading/src/ThreadDemo6.java</file>
            <file>file:/C:/Users/Gaurav.Kothari/Documents/NetBeansProjects/Multithreading/src/ThreadDemo15.java</file>
            <file>file:/C:/Users/Gaurav.Kothari/Documents/NetBeansProjects/Multithreading/src/ThreadDemo17.java</file>
            <file>file:/C:/Users/Gaurav.Kothari/Documents/NetBeansProjects/Multithreading/src/ThreadDemo1.java</file>
            <file>file:/C:/Users/Gaurav.Kothari/Documents/NetBeansProjects/Multithreading/src/ThreadDemo9.java</file>
            <file>file:/C:/Users/Gaurav.Kothari/Documents/NetBeansProjects/Multithreading/src/ThreadDemo13.java</file>
            <file>file:/C:/Users/Gaurav.Kothari/Documents/NetBeansProjects/Multithreading/src/ThreadDemo4.java</file>
            <file>file:/C:/Users/Gaurav.Kothari/Documents/NetBeansProjects/Multithreading/src/ThreadDemo10.java</file>
            <file>file:/C:/Users/Gaurav.Kothari/Documents/NetBeansProjects/Multithreading/src/ThreadDemo3.java</file>
            <file>file:/C:/Users/Gaurav.Kothari/Documents/NetBeansProjects/Multithreading/src/ThreadDemo7.java</file>
            <file>file:/C:/Users/Gaurav.Kothari/Documents/NetBeansProjects/Multithreading/src/ThreadDemo8.java</file>
            <file>file:/C:/Users/Gaurav.Kothari/Documents/NetBeansProjects/Multithreading/src/ThreadDemo5.java</file>
            <file>file:/C:/Users/Gaurav.Kothari/Documents/NetBeansProjects/Multithreading/src/ThreadDemo16.java</file>
        </group>
    </open-files>
</project-private>
