<?xml version="1.0" encoding="UTF-8"?>
<project-private xmlns="http://www.netbeans.org/ns/project-private/1">
    <editor-bookmarks xmlns="http://www.netbeans.org/ns/editor-bookmarks/2" lastBookmarkId="0"/>
    <open-files xmlns="http://www.netbeans.org/ns/projectui-open-files/2">
        <group>
            <file>file:/C:/Users/Gaurav.Kothari/Documents/NetBeansProjects/FileHandling/src/FileDemo6.java</file>
            <file>file:/C:/Users/Gaurav.Kothari/Documents/NetBeansProjects/FileHandling/src/FileDemo1.java</file>
            <file>file:/C:/Users/Gaurav.Kothari/Documents/NetBeansProjects/FileHandling/src/FileDemo2.java</file>
            <file>file:/C:/Users/Gaurav.Kothari/Documents/NetBeansProjects/FileHandling/src/FileDemo5.java</file>
            <file>file:/C:/Users/Gaurav.Kothari/Documents/NetBeansProjects/FileHandling/src/FileDemo3.java</file>
            <file>file:/C:/Users/Gaurav.Kothari/Documents/NetBeansProjects/FileHandling/src/FileDemo4.java</file>
        </group>
    </open-files>
</project-private>
