<?xml version="1.0" encoding="UTF-8"?>
<project-private xmlns="http://www.netbeans.org/ns/project-private/1">
    <editor-bookmarks xmlns="http://www.netbeans.org/ns/editor-bookmarks/2" lastBookmarkId="0"/>
    <open-files xmlns="http://www.netbeans.org/ns/projectui-open-files/2">
        <group>
            <file>file:/C:/Users/Gaurav.Kothari/Documents/NetBeansProjects/ExceptionExamples/src/Bank.java</file>
            <file>file:/C:/Users/Gaurav.Kothari/Documents/NetBeansProjects/ExceptionExamples/src/ExceptionDemo2.java</file>
            <file>file:/C:/Users/Gaurav.Kothari/Documents/NetBeansProjects/ExceptionExamples/src/ExceptionDemo8.java</file>
            <file>file:/C:/Users/Gaurav.Kothari/Documents/NetBeansProjects/ExceptionExamples/src/ExceptionDemo13.java</file>
            <file>file:/C:/Users/Gaurav.Kothari/Documents/NetBeansProjects/ExceptionExamples/src/ExceptionDemo5.java</file>
            <file>file:/C:/Users/Gaurav.Kothari/Documents/NetBeansProjects/ExceptionExamples/src/ExceptionDemo10.java</file>
            <file>file:/C:/Users/Gaurav.Kothari/Documents/NetBeansProjects/ExceptionExamples/src/ExceptionDemo4.java</file>
            <file>file:/C:/Users/Gaurav.Kothari/Documents/NetBeansProjects/ExceptionExamples/src/ExceptionDemo3.java</file>
            <file>file:/C:/Users/Gaurav.Kothari/Documents/NetBeansProjects/ExceptionExamples/src/ExceptionDemo7.java</file>
            <file>file:/C:/Users/Gaurav.Kothari/Documents/NetBeansProjects/ExceptionExamples/src/ExceptionDemo12.java</file>
            <file>file:/C:/Users/Gaurav.Kothari/Documents/NetBeansProjects/ExceptionExamples/src/ExceptionDemo6.java</file>
            <file>file:/C:/Users/Gaurav.Kothari/Documents/NetBeansProjects/ExceptionExamples/src/ExceptionDemo11.java</file>
            <file>file:/C:/Users/Gaurav.Kothari/Documents/NetBeansProjects/ExceptionExamples/src/ExceptionDemo9.java</file>
            <file>file:/C:/Users/Gaurav.Kothari/Documents/NetBeansProjects/ExceptionExamples/src/ExceptionDemo14.java</file>
            <file>file:/C:/Users/Gaurav.Kothari/Documents/NetBeansProjects/ExceptionExamples/src/ExceptionDemo1.java</file>
        </group>
    </open-files>
</project-private>
