<?xml version="1.0" encoding="UTF-8"?>
<project-private xmlns="http://www.netbeans.org/ns/project-private/1">
    <editor-bookmarks xmlns="http://www.netbeans.org/ns/editor-bookmarks/2" lastBookmarkId="0"/>
    <open-files xmlns="http://www.netbeans.org/ns/projectui-open-files/2">
        <group>
            <file>file:/C:/Users/Gaurav.Kothari/Documents/NetBeansProjects/CollectionExamples/src/ArrayListDemo4.java</file>
            <file>file:/C:/Users/Gaurav.Kothari/Documents/NetBeansProjects/CollectionExamples/src/ArrayListDemo1.java</file>
            <file>file:/C:/Users/Gaurav.Kothari/Documents/NetBeansProjects/CollectionExamples/src/ArrayListDemo2.java</file>
            <file>file:/C:/Users/Gaurav.Kothari/Documents/NetBeansProjects/CollectionExamples/src/ArrayListDemo6.java</file>
            <file>file:/C:/Users/Gaurav.Kothari/Documents/NetBeansProjects/CollectionExamples/src/ArrayListDemo3.java</file>
            <file>file:/C:/Users/Gaurav.Kothari/Documents/NetBeansProjects/CollectionExamples/src/ArrayListDemo5.java</file>
        </group>
    </open-files>
</project-private>
